compre bem, taubaté,sp,cnpj 30.197.161/0002-69
compre bem, leme,sp,cnpj 30.197.161/0007-73
compre bem,porto ferreira,sp,cnpj 30.197.161/0006-92
compre bem, mogi das cruzes,sp,cnpj 30.197.161/0004-20
compre bem,jundiaí,sp,cnpj 30.197.161/0009-35
compre bem,guarulhos,sp,cnpj 30.197.161/0013-11
compre bem, ribeirão pires,sp,cnpj 30.197.161/0005-01
compre bem, guarulhos,sp,cnpj 30.197.161/0014-00
compre bem,são paulo,sp,cnpj 30.197.161/0003-40
compre bem, guarujá,sp,cnpj 30.197.161/0011-50
compre bem,santos,sp,cnpj 30.197.161/0008-54
compre bem,guarujá,sp,cnp: 30.197.161/0015-83
compre bem, guarujá,sp,cnpj 30.197.161/0012-30
compre bem, bebedouro,sp,cnpj 30.197.161/0022-02
compre bem, sorocaba,sp,cnpj 30.197.161/0020-40
compre bem,valinhos,sp,cnpj 30.197.161/0026-36
compre bem,brotas,sp,cnpj 30.197.161/0025-55
compre bem, monte mor,sp,cnpj 30.197.161/0018-26
compre bem,são carlos,sp,cnpj 30.197.161/0027-17
compre bem,guaira,sp,cnpj 30.197.161/0024-74
compre bem,olímpia,sp,cnpj 30.197.161/0029-89
compre bem,orlandia,sp,cnpj 30.197.161/0016-64
compre bem,são paulo,sp,cnpj 30.197.161/0019-07
compre bem,caçapava,sp,cnpj 30.197.161/0030-12
compre bem,guaratingueta,sp,cnpj: 30.197.161/0017-45
compre bem, ribeirão pires,sp,cnpj 30.197.161/0023-93
compre bem, guarulhos,sp,cnpj 30.197.161/0021-21
compre bem, mogi das cruzes,sp,cnpj 30.197.161/0028-06
compre bem,arujá,sp,cnpj 30.197.161/0010-79
