Assai,Maringa,PR,6057223027452
Assai,CURITIBA,PR,6057223036796
Assai,LONDRINA,PR,6057223034904
Assai,CURITIBA,PR,6057223040394
Assai,RIO DE JANEIRO,RJ,6057223033266
Assai,NITEROI,RJ,6057223033002
Assai,RIO DE JANEIRO,RJ,6057223033690
Assai,RIO DE JANEIRO,RJ,6057223032880
Assai,RIO DE JANEIRO,RJ,6057223033509
Assai,RIO DE JANEIRO,RJ,6057223022736
Assai,CABO FRIO,RJ,6057223029749
Assai,RIO DE JANEIRO,RJ,6057223007346
Assai,DUQUE DE CAXIAS,RJ,6057223022817
Assai,RIO DE JANEIRO,RJ,6057223037504
Assai,RIO DE JANEIRO,RJ,6057223037920
Assai,MESQUITA,RJ,6057223038659
Assai,RIO DE JANEIRO,RJ,6057223042680
Assai,RIO DE JANEIRO,RJ,6057223035048
Assai,PETROPOLIS,RJ,6057223041790
Assai,CAMPO DOS GOYTACAZES,RJ,6057223039973
Assai,JANEIRO,RJ,6057223042095
Assai,RIO DE JANEIRO,RJ,6057223041951
Assai,SAO JOAO DE MERITI,RJ,6057223044896
Assai,SAO PAULO,SP,6057223024607
Assai,SAO PAULO,SP,6057223024518
Assai,SAO PAULO,SP,6057223024356
Assai,SAO PAULO,SP,6057223026995
Assai,SANTOS,SP,6057223023201
Assai,SAO PAULO,SP,6057223024275
Assai,OSASCO,SP,6057223026642
Assai,SAO BERNARDO DO CAMPO,SP,6057223027100
Assai,GUARULHOS,SP,6057223027371
Assai,JUNDIAI,SP,6057223027290
Assai,SOROCABA,SP,6057223027886
Assai,RIBEIRAO PRETO,SP,6057223023112
Assai,COTIA,SP,6057223026561
Assai,SANTO ANDRE,SP,6057223024194
Assai,SAO PAULO,SP,6057223025670
Assai,SAO PAULO,SP,6057223026480
Assai,SAO PAULO,SP,6057223025247
Assai,SAO PAULO,SP,6057223025913
Assai,LIMEIRA,SP,6057223029315
Assai,SAO PAULO,SP,6057223026138
Assai,RIO CLARO,SP,6057223030755
Assai,CARAGUATATUBA,SP,6057223026723
Assai,CAMPINAS,SP,6057223031646
Assai,SAO PAULO,SP,6057223026804
Assai,SAO PAULO,SP,6057223031212
Assai,SAO PAULO,SP,6057223025328
Assai,SOROCABA,SP,6057223025832
Assai,SAO PAULO,SP,6057223026057
Assai,RIBEIRÃO PIRES,SP,6057223028777
Assai,SAO PAULO,SP,6057223029404
Assai,SÃO PAULO,SP,6057223025590
Assai,BAURU,SP,6057223031131
Assai,RIBEIRAO PRETO,SP,6057223027029
Assai,SAO PAULO,SP,6057223023899
Assai,SUZANO,SP,6057223028343
Assai,PRESIDENTE PRUDENTE,SP,6057223029587
Assai,SANTO ADRÉ,SP,6057223025751
Assai,ITAQUAQUECETUBA,SP,6057223028424
Assai,MOGI DAS CRUZES,SP,6057223028696
Assai,SÃO PAULO,SP,6057223026308
Assai,GUARULHOS,SP,6057223037091
Assai,SAO PAULO,SP,6057223023384
Assai,SAO PAULO,SP,6057223025085
Assai,SANTO ANDRE,SP,6057223034661
Assai,CARAPICUIBA,SP,6057223034580
Assai,GUARULHOS,SP,6057223027614
Assai,PRAIA GRANDE,SP,6057223033932
Assai,SAO PAULO,SP,6057223024437
Assai,SAO JOSE DOS CAMPOS,SP,6057223029820
Assai,SANTO ANDRE,SP,6057223037334
Assai,SAO PAULO,SP,6057223023970
Assai,SAO PAULO,SP,6057223024860
Assai,FRANCO DA ROCHA,SP,6057223042257
Assai,SAO VICENTE,SP,6057223033851
Assai,TAUBATÉ,SP,6057223038578
Assai,SAO PAULO,SP,6057223043067
Assai,SAO PAULO,SP,6057223038225
Assai,SAO PAULO,SP,6057223036605
Assai,EMBU DAS ARTES,SP,6057223035471
Assai,JANDIRA,SP,6057223037415
Assai,SAO PAULO,SP,6057223035390
Assai,CAMPINAS,SP,6057223035986
Assai,SAO PAULO,SP,6057223034823
Assai,DIADEMA,SP,6057223034742
Assai,SAO PAULO,SP,6057223035200
Assai,MAUA,SP,6057223036281
Assai,MOGI DAS CRUZES,SP,6057223036524
Assai,SAO PAULO,SP,6057223035633
Assai,PIRACICABA,SP,6057223035803
Assai,PAULÍNIA,SP,6057223035714
Assai,HORTOLANDIA,SP,6057223041366
Assai,ARACATUBA,SP,6057223041447
Assai,INDAIATUBA,SP,6057223039035
Assai,SAO PAULO,SP,6057223041528
Assai,JUNDIAI,SP,6057223042176
Assai,SAO BERNARDO DO CAMPO,SP,6057223042338
Assai,RIO DE JANEIRO,RJ,6057223032618
Assai,NOVA IGUACU,RJ,6057223032537
Assai,SÃO PAULO,SP,6057223023627
Assai,SÃO PAULO,SP,6057223025166
Assai,SÃO GONÇALO,RJ,6057223032960
Assai,NILOPOLIS,RJ,6057223033185
Assai,RIO DE JANEIRO,RJ,6057223032707
Assai,EMBOAÇU,SP,6057223029234
Assai,LONDRINA,PR,6057223024780