CARREFOUR,SAO JOSE RIO PRETO,SP,45.543.915/0083-28
CARREFOUR,SAO PAULO,SP,45.543.915/0004–24
CARREFOUR,CAMPINAS,SP,45.543.915/0005-05
CARREFOUR,SAO PAULO,SP,45.543.915/0006-96
CARREFOUR,SAO PAULO,SP,45.543.915/0012-34
CARREFOUR,SAO PAULO,SP,45.543.915/0022-06
CARREFOUR,SAO PAULO,SP,45.543.915/0015-87
CARREFOUR,SAO PAULO,SP,45.543.915/0021–25
CARREFOUR,RIBEIRAO PRETO,SP,45.543.915/0018-20
CARREFOUR,SAO VICENTE,SP,45.543.915/0026-30
CARREFOUR,SAO PAULO,SP,45.543.915/0027-10
CARREFOUR,SANTO ANDRE,SP,45.543.915/0029-82
CARREFOUR,VOTORANTIM,SP,45.543.915/0030-16
CARREFOUR,BARUERI,SP,45.543.915/0032-88
CARREFOUR,CAMPINAS,SP,45.543.915/0033-69
CARREFOUR,SAO JOSE DOS CAMPOS,SP,45.543.915/0036-01
CARREFOUR,SAO PAULO,SP,45.543.915/0039 -54
CARREFOUR,SAO CAETANO DO SUL,SP,45.543.915/0042-50
CARREFOUR,SAO JOSE RIO PRETO,SP,45.543.915/0045-00
CARREFOUR,JUNDIAI,SP,45.543.915/0052-21
CARREFOUR,SAO BERNARDO CAMPO,SP,45.543.915/0048-45
CARREFOUR,OSASCO,SP,45.543.915/0054-93
CARREFOUR,GUARULHOS,SP,45.543.915/0049-26
CARREFOUR,SAO PAULO,SP,45.543.915/0050-60
CARREFOUR,SAO PAULO,SP,45.543.915/0034-40
CARREFOUR,SAO PAULO,SP,45.543.915/0064-65
CARREFOUR,SAO PAULO,SP,45.543.915/0067-08
CARREFOUR,PIRACICABA,SP,45.543.915/0073-56
CARREFOUR,DIADEMA,SP,45.543.915/0105-78
CARREFOUR,SANTOS,SP,62.545.579/0004-78
CARREFOUR,SAO PAULO,SP,62.545.579/0008-00
CARREFOUR,SAO PAULO,SP,62.545.579/0011-05
CARREFOUR,SAO PAULO,SP,62.545.57/0013-69
CARREFOUR,CAMPINAS,SP,62.545.579/0023-30
CARREFOUR,PRESIDENTE PRUDENTE,SP,62.545.579/0025-00
CARREFOUR,SOROCABA,SP,45.543.915/0214-21
CARREFOUR,TABOA DA SERRA,SP,45.543.915/0224-01
CARREFOUR,SANTO ANDRE,SP,45.543.915/0221-50
CARREFOUR,SAO PAULO,SP,45.543.915/0230-41
CARREFOUR,SAO PAULO,SP,45.543.915/0229-08
CARREFOUR,RIBEIRAO PRETO,SP,45.543.915/0280-00
CARREFOUR,SAO PAULO,SP,07.356.131/0007-40
CARREFOUR,SAO PAULO,SP,07.356.131/0003-17
CARREFOUR,SANTO ANDRE,SP,07.356.131/0009-02
CARREFOUR,SANTOS,SP,07.356.131/0010-46
CARREFOUR,SAO PAULO,SP,45.543.915/0344-00
CARREFOUR,GUARULHOS,SP,45.543.915/0364-53
CARREFOUR,TAUBATE,SP,45.543.915/0085-90
CARREFOUR,SAO BERNARDO CAMPO,SP,45.543.915/0218-55
CARREFOUR,SAO BERNARDO DO CAMP,SP,45.543.915/0328-90
CARREFOUR,GUARUJA,SP,45.543.915/0125-11
CARREFOUR,SAO PAULO,SP,45.543.915/ 0310-60
CARREFOUR,SAO PAULO,SP,45.543.915/-376-97
CARREFOUR,SAO PAULO,SP,45.543.915/0375-06
CARREFOUR,CAMPINAS,SP,45.543.915/0129-45
CARREFOUR,CAMPINAS,SP,45.543.915/0427-71
CARREFOUR,INDAIATUBA,SP,45.543.915/0124-30
CARREFOUR,ITU,SP,45.543.915/0204-50
CARREFOUR,MOGI MIRIM,SP,45.543.915/0107-30
CARREFOUR,SAO PAULO,SP,45.543.915/0283-53
CARREFOUR,SAO PAULO,SP,45.543.915/0181-29
CARREFOUR,PRAIA GRANDE,SP,45.543.915/0382-35
CARREFOUR,RIBEIRAO PRETO,SP,45.543.915/0377-78
CARREFOUR,SANTANA DE PARNAIBA,SP,45.543.915/0281-91
CARREFOUR,SAO BERNARDO CAMPO,SP,45.543.915/0017-49
CARREFOUR,SALTO,SP,45.543.915/0223-12
CARREFOUR,TAUBATE,SP,45.543.915/0128-64
CARREFOUR,CACAPAVA,SP,45.543.915/0222-31
CARREFOUR,VINHEDO,SP,45.543.915/0127-83
CARREFOUR,SAO CARLOS,SP,45.543.915/0521-49
CARREFOUR,SAO CARLOS,SP,45.543.915/0523-00