Atacadão,MARINGA,PR,75315333/0009-66
Atacadão,LONDRINA,PR,75315333/0039-81
Atacadão,MARINGA,PR,75315333/0042-87
Atacadão,PONTA GROSSA,PR,75315333/0135-10
Atacadão,LONDRINA,PR,75315333/0171-84
Atacadão,CASCAVEL,PR,75315333/0172-65
Atacadão,SAO JOSE DOS PINHAIS,PR,75315333/0177-70
Atacadão,FOZ DO IGUACU,PR,75315333/0178-50
Atacadão,SAO JOSE DOS PINHAIS,PR,75315333/0222-69
Atacadão,MARINGA,PR,75315333/0227-73
Atacadão,CURITIBA,PR,75315333/0246-36
Atacadão,CAMBE,PR,75315333/0258-70
Atacadão,GUARAPUAVA,PR,75315333/0260-94
Atacadão,UMUARAMA,PR,75315333/0261-75
Atacadão,CURITIBA,PR,75315333/0300-16
Atacadão,RIO DE JANEIRO,RJ,75315333/0063-01
Atacadão,RIO DE JANEIRO,RJ,75315333/0065-73
Atacadão,NOVA IGUACU,RJ,75315333/0067-35
Atacadão,CAMPOS DOS GOYTACAZE,RJ,75315333/0102-52
Atacadão,MACAE,RJ,75315333/0130-06
Atacadão,RIO DE JANEIRO,RJ,75315333/0136-00
Atacadão,SAO PEDRO DA ALDEIA,RJ,75315333/0157-26
Atacadão,RIO DE JANEIRO,RJ,75315333/0162-93
Atacadão,DUQUE DE CAXIAS,RJ,75315333/0174-27
Atacadão,ITABORAI,RJ,75315333/0193-90
Atacadão,SAO GONCALO,RJ,75315333/0202-15
Atacadão,RESENDE,RJ,75315333/0207-20
Atacadão,RIO DE JANEIRO,RJ,75315333/0210-25
Atacadão,RIO DE JANEIRO,RJ,75315333/0247-17
Atacadão,RIO DE JANEIRO,RJ,75315333/0249-89
Atacadão,NOVA FRIBURGO,RJ,75315333/0259-50
Atacadão,RIO DE JANEIRO,RJ,75315333/0275-70
Atacadão,RIO DE JANEIRO,RJ,75315333/0278-13
Atacadão,VOLTA REDONDA,RJ,75315333/0289-76
Atacadão,NOVA IGUACU,RJ,75315333/0291-90
Atacadão,CAMPOS DOS GOYTACAZE,RJ,75315333/0292-71
Atacadão,RIO DE JANEIRO,RJ,75315333/0294-33
Atacadão,SAPUCAIA DO SUL,RS,75315333/0075-45
Atacadão,PORTO ALEGRE,RS,75315333/0088-60
Atacadão,GRAVATAI,RS,75315333/0107-67
Atacadão,SANTA MARIA,RS,75315333/0121-15
Atacadão,PELOTAS,RS,75315333/0122-04
Atacadão,RIO GRANDE,RS,75315333/0123-87
Atacadão,NOVO HAMBURGO,RS,75315333/0132-78
Atacadão,SAPUCAIA DO SUL,RS,75315333/0142-40
Atacadão,ESTRELA,RS,75315333/0198-02
Atacadão,VIAMAO,RS,75315333/0242-02
Atacadão,SAO LEOPOLDO,RS,75315333/0283-80
Atacadão,CAXIAS DO SUL,RS,75315333/0284-61
Atacadão,ITAJAI,SC,75315333/0125-49
Atacadão,ITAJAI,SC,75315333/0168-89
Atacadão,CHAPECO,SC,75315333/0203-04
Atacadão,BLUMENAU,SC,75315333/0212-97
Atacadão,ICARA,SC,75315333/0254-46
Atacadão,JOINVILLE,SC,75315333/0282-08
Atacadão,SAO JOSE RIO PRETO,SP,75315333/0004-51
Atacadão,SAO PAULO,SP,75315333/0006-13
Atacadão,PRAIA GRANDE,SP,75315333/0017-76
Atacadão,GUARULHOS,SP,75315333/0018-57
Atacadão,SAO PAULO,SP,75315333/0020-71
Atacadão,SANTO ANDRE,SP,75315333/0021-52
Atacadão,CAMPINAS,SP,75315333/0023-14
Atacadão,LIMEIRA,SP,75315333/0032-05
Atacadão,SAO PAULO,SP,75315333/0035-58
Atacadão,CARAPICUIBA,SP,75315333/0043-68
Atacadão,SANTOS,SP,75315333/0046-00
Atacadão,SAO PAULO,SP,75315333/0048-72
Atacadão,GUARULHOS,SP,75315333/0049-53
Atacadão,GUARUJA,SP,75315333/0053-30
Atacadão,SUZANO,SP,75315333/0054-10
Atacadão,SAO PAULO,SP,75315333/0057-63
Atacadão,COTIA,SP,75315333/0059-25
Atacadão,SAO PAULO,SP,75315333/0060-69
Atacadão,FRANCA,SP,75315333/0071-11
Atacadão,JACAREI,SP,75315333/0084-36
Atacadão,PIRACICABA,SP,75315333/0085-17
Atacadão,SAO BERNARDO DO CAMP,SP,75315333/0086-06
Atacadão,SAO JOSE DOS CAMPOS,SP,75315333/0091-65
Atacadão,RIBEIRAO PRETO,SP,75315333/0092-46
Atacadão,RIBEIRAO PRETO,SP,75315333/0096-70
Atacadão,MAUA,SP,75315333/0097-50
Atacadão,ATIBAIA,SP,75315333/0104-14
Atacadão,CAMPINAS,SP,75315333/0105-03
Atacadão,SAO PAULO,SP,75315333/0111-43
Atacadão,SAO PAULO,SP,75315333/0120-34
Atacadão,SAO PAULO,SP,75315333/0133-59
Atacadão,CAMPINAS,SP,75315333/0134-30
Atacadão,BAURU,SP,75315333/0139-44
Atacadão,MARILIA,SP,75315333/0140-88
Atacadão,TAUBATE,SP,75315333/0143-20
Atacadão,ARARAQUARA,SP,75315333/0145-92
Atacadão,ITAPEVI,SP,75315333/0151-30
Atacadão,SOROCABA,SP,75315333/0163-74
Atacadão,SANTO ANDRE,SP,75315333/0164-55
Atacadão,SANTA BARBARA D OEST,SP,75315333/0166-17
Atacadão,PRESIDENTE PRUDENTE,SP,75315333/0175-08
Atacadão,JACAREI,SP,75315333/0183-18
Atacadão,FERRAZ DE VASCONCELO,SP,75315333/0184-07
Atacadão,JANDIRA,SP,75315333/0190-47
Atacadão,JUNDIAI,SP,75315333/0194-70
Atacadão,CARAGUATATUBA,SP,75315333/0195-51
Atacadão,BARUERI,SP,75315333/0196-32
Atacadão,MOGI DAS CRUZES,SP,75315333/0204-87
Atacadão,RIBEIRAO PRETO,SP,75315333/0209-91
Atacadão,ITAPECERICA DA SERRA,SP,75315333/0211-06
Atacadão,SOROCABA,SP,75315333/0218-82
Atacadão,SAO JOSE DO RIO PRET,SP,75315333/0219-63
Atacadão,SAO CARLOS,SP,75315333/0221-88
Atacadão,OSASCO,SP,75315333/0223-40
Atacadão,SAO PAULO,SP,75315333/0226-92
Atacadão,SAO PAULO,SP,75315333/0229-35
Atacadão,GUARATINGUETA,SP,75315333/0234-00
Atacadão,ITANHAEM,SP,75315333/0235-83
Atacadão,BARRETOS,SP,75315333/0236-64
Atacadão,SAO VICENTE,SP,75315333/0239-07
Atacadão,RIBEIRAO PIRES,SP,75315333/0250-12
Atacadão,SAO PAULO,SP,75315333/0251-01
Atacadão,ARACATUBA,SP,75315333/0257-99
Atacadão,COTIA,SP,75315333/0262-56
Atacadão,MOGI MIRIM,SP,75315333/0267-60
Atacadão,GUARULHOS,SP,75315333/0272-28