BIG,São paulo,SP,63960003540
BIG,São Paulo,SP,63960003620
BIG,Barueri,SP,63960004198
BIG,Cotia,SP,63960007103
BIG,Guarulhos,SP,63960006484
BIG,Osasco,SP,63960000605
BIG,São Bernardo do Campo,SP,63960001091
BIG,São Paulo ,SP,63960001504
BIG,Campinas,SP,63960008851
BIG,Campinas,SP,63960008932
BIG,Limeira,SP,63960011488
BIG,Catanduva,SP,63960038840
BIG,Ribeirão Preto,SP,63960001172
BIG,Campos dos Goytacazes,RJ,63960007618
BIG,Macaé,RJ,63960011216
BIG,Rio de Janeiro,RJ,63960002659
BIG,Curitiba,PR,93.209.765/0154-91
BIG,Curitiba,PR,93.209.765/0140-96
BIG,Curitiba,PR,93.209.765/0153-00
BIG,Curitiba,PR,93.209.765/0254-54
BIG,Curitiba,PR,93.209.765/0263-45
BIG,Joinville,SC,93.209.765/0268-50
BIG,Balneario Camboriu,SC,93.209.765/0292-80
BIG,Curitiba,PR,93.209.765/0088-78
BIG,FLORIANOPOLIS,SC,93.209.765/0296-03
BIG,Umuarama,PR,93.209.765/0384-32
BIG,Curitiba,PR,93.209.765/0481-52
BIG,Curitiba,PR,93.209.765/0482-33
BIG,Curitiba,PR,93.209.765/0480-71
BIG,Lages,SC,93.209.765/0466-13
BIG,Porto Alegre,RS,93.209.765/0048-80
BIG,Sao Leopoldo,RS,93.209.765/0251-01
BIG,Alvorada,RS,93.209.765/0256-16
BIG,Esteio,RS,93.209.765/0290-18
BIG,Porto Alegre,RS,93.209.765/0087-97
BIG,Viamao,RS,93.209.765/0269-30
BIG,Porto Alegre,RS,93.209.765/0299-56
BIG,Gravatai,RS,93.209.765/0297-94
BIG,Cachoeirinha,RS,93.209.765/0089-59
BIG,Sapiranga,RS,93.209.765/0413-01
BIG,Novo Hamburgo,RS,93.209.765/0016-01
BIG,Santa Maria,RS,93.209.765/0020-80
BIG,Caxias do Sul,RS,93.209.765/0264-26
BIG,Livramento,RS,93.209.765/0183-26
BIG,Uruguaiana,RS,93.209.765/0214-67
BIG,Pelotas,RS,93.209.765/0286-31
BIG,Rio Grande,RS,93.209.765/0005-40
BIG,Santa Cruz do Sul,RS,93.209.765/0383-51
BIG,Bage,RS,93209765/0453-07
BIG,SANTA MARIA,RS,93209765/0450-56